{
  "provide_employee_id": {
    "precision": 0.75,
    "recall": 0.8571428571428571,
    "f1-score": 0.7999999999999999,
    "support": 7,
    "confused_with": {
      "efficiency": 1
    }
  },
  "errors": {
    "precision": 1.0,
    "recall": 1.0,
    "f1-score": 1.0,
    "support": 5,
    "confused_with": {}
  },
  "efficiency_per": {
    "precision": 0.8333333333333334,
    "recall": 0.8333333333333334,
    "f1-score": 0.8333333333333334,
    "support": 6,
    "confused_with": {
      "efficiency_per_month1": 1
    }
  },
  "provide_specific_date": {
    "precision": 0.75,
    "recall": 0.8571428571428571,
    "f1-score": 0.7999999999999999,
    "support": 7,
    "confused_with": {
      "provide_date_begin_end": 1
    }
  },
  "provide_date_begin_end": {
    "precision": 0.8,
    "recall": 0.6666666666666666,
    "f1-score": 0.7272727272727272,
    "support": 6,
    "confused_with": {
      "provide_specific_date": 2
    }
  },
  "efficiency_per_month1": {
    "precision": 0.9411764705882353,
    "recall": 1.0,
    "f1-score": 0.9696969696969697,
    "support": 16,
    "confused_with": {}
  },
  "efficiency_per_day1": {
    "precision": 0.8571428571428571,
    "recall": 0.8571428571428571,
    "f1-score": 0.8571428571428571,
    "support": 7,
    "confused_with": {
      "efficiency_per": 1
    }
  },
  "goodbye": {
    "precision": 0.8181818181818182,
    "recall": 0.9,
    "f1-score": 0.8571428571428572,
    "support": 10,
    "confused_with": {
      "efficiency_per_day1": 1
    }
  },
  "efficiency_per_week1": {
    "precision": 1.0,
    "recall": 0.9333333333333333,
    "f1-score": 0.9655172413793104,
    "support": 15,
    "confused_with": {
      "efficiency": 1
    }
  },
  "provide_worked_days": {
    "precision": 1.0,
    "recall": 0.75,
    "f1-score": 0.8571428571428571,
    "support": 8,
    "confused_with": {
      "provide_employee_id": 2
    }
  },
  "thank": {
    "precision": 1.0,
    "recall": 0.8333333333333334,
    "f1-score": 0.9090909090909091,
    "support": 6,
    "confused_with": {
      "greet": 1
    }
  },
  "greet": {
    "precision": 0.8571428571428571,
    "recall": 0.75,
    "f1-score": 0.7999999999999999,
    "support": 8,
    "confused_with": {
      "goodbye": 2
    }
  },
  "deny": {
    "precision": 1.0,
    "recall": 1.0,
    "f1-score": 1.0,
    "support": 7,
    "confused_with": {}
  },
  "present_the_features": {
    "precision": 1.0,
    "recall": 1.0,
    "f1-score": 1.0,
    "support": 6,
    "confused_with": {}
  },
  "efficiency": {
    "precision": 0.8571428571428571,
    "recall": 1.0,
    "f1-score": 0.923076923076923,
    "support": 12,
    "confused_with": {}
  },
  "accuracy": 0.8968253968253969,
  "macro avg": {
    "precision": 0.8976080129021307,
    "recall": 0.8825396825396826,
    "f1-score": 0.8866277783519163,
    "support": 126
  },
  "weighted avg": {
    "precision": 0.902249990905453,
    "recall": 0.8968253968253969,
    "f1-score": 0.8962030671390278,
    "support": 126
  },
  "micro avg": {
    "precision": 0.8968253968253969,
    "recall": 0.8968253968253969,
    "f1-score": 0.8968253968253969,
    "support": 126
  }
}